Designator,Footprint,Quantity,Value,LCSC Part #
B1,SPARKFUN_PRO_MICRO,1,SPARKFUN_PRO_MICRO,
C1,0805,1,0.1u,
C2,0805,1,0.1u,
C3,0805,1,0.1u,
C4,0805,1,0.1u,
C5,0805,1,0.1u,
C6,0805,1,0.1u,
C7,0805,1,0.1u,
C8,0805,1,1u,
"J1, J10, J11, J12, J13, J14",CUI_MD-90SM,6,MD-90SM,
"J15, J2, J3, J4",REB_PinHeader_2x20_P1.27mm_Vertical_Renumbered,4,Conn_02x22_Top_Bottom,
R1,1206,1,R_Small,
R2,1206,1,R_Small,
R3,1206,1,R_Small,
R4,1206,1,R_Small,
R5,1206,1,R_Small,
R6,1206,1,10K,
"SW1, SW2",SW_PUSH_6mm,2,SW_Push,
"U1, U2, U3, U4, U5, U6, U7",SSOP-24_5.3x8.2mm_P0.65mm,7,CD74HC4067SM96,CD74HC4067SM96
