﻿pos_x,pos_y,rotation,side,designator,mpn,pack,value,mount_type,place
119.6,-105.0,90.0,top,C101,,CP_Radial_D5.0mm_P2.50mm,C_Small,tht,True
107.0,-105.005113,90.0,top,C102,,CP_Radial_D5.0mm_P2.50mm,C_Small,tht,True
107.0,-92.205112,90.0,top,C103,,CP_Radial_D5.0mm_P2.50mm,C_Small,tht,True
119.6,-92.135112,90.0,top,C104,,CP_Radial_D5.0mm_P2.50mm,C_Small,tht,True
88.4,-89.2,0.0,top,H1,,MountingHole_3.2mm_M3,MountingHole_3.2mm_M3,tht,False
88.4,-114.8,0.0,top,H2,,MountingHole_3.2mm_M3,MountingHole_3.2mm_M3,tht,False
137.0,-89.2,0.0,top,H3,,MountingHole_3.2mm_M3,MountingHole_3.2mm_M3,tht,False
137.0,-114.8,0.0,top,H4,,MountingHole_3.2mm_M3,MountingHole_3.2mm_M3,tht,False
97.7,-114.5,0.0,top,J1,,TE_0-1734839-6_1x06-1MP_P0.5mm_Horizontal,Conn_01x06_Pin,smt,True
89.7,-102.0,-90.0,top,J101,,CUI_MD-90SM,MD-90SM,tht,True
135.6885,-102.0,90.0,top,J102,,CUI_MD-90SM,MD-90SM,tht,True
119.6,-108.86,90.0,top,JP101,,SolderJumper-2_P1.3mm_Open_RoundedPad1.0x1.5mm,Jumper_2_Bridged,tht,True
107.0,-109.200001,90.0,top,JP102,,SolderJumper-2_P1.3mm_Open_RoundedPad1.0x1.5mm,Jumper_2_Bridged,tht,True
107.0,-96.2,90.0,top,JP103,,SolderJumper-2_P1.3mm_Open_RoundedPad1.0x1.5mm,Jumper_2_Bridged,tht,True
119.6,-96.33,90.0,top,JP104,,SolderJumper-2_P1.3mm_Open_RoundedPad1.0x1.5mm,Jumper_2_Bridged,tht,True
113.2425,-102.0,-90.0,top,JP106,,SolderJumper-3_P1.3mm_Open_RoundedPad1.0x1.5mm,SolderJumper_3_Open,tht,True
116.2,-110.0,90.0,top,R101,,R_Axial_DIN0309_L9.0mm_D3.2mm_P2.54mm_Vertical,R_Small,tht,True
123.0,-110.0,90.0,top,R102,,R_Axial_DIN0309_L9.0mm_D3.2mm_P2.54mm_Vertical,R_Small,tht,True
103.6,-110.070001,90.0,top,R103,,R_Axial_DIN0309_L9.0mm_D3.2mm_P2.54mm_Vertical,R_Small,tht,True
110.4,-110.070001,90.0,top,R104,,R_Axial_DIN0309_L9.0mm_D3.2mm_P2.54mm_Vertical,R_Small,tht,True
103.6,-97.27,90.0,top,R105,,R_Axial_DIN0309_L9.0mm_D3.2mm_P2.54mm_Vertical,R_Small,tht,True
110.4,-97.27,90.0,top,R106,,R_Axial_DIN0309_L9.0mm_D3.2mm_P2.54mm_Vertical,R_Small,tht,True
116.2,-97.2,90.0,top,R107,,R_Axial_DIN0309_L9.0mm_D3.2mm_P2.54mm_Vertical,R_Small,tht,True
123.0,-97.2,90.0,top,R108,,R_Axial_DIN0309_L9.0mm_D3.2mm_P2.54mm_Vertical,R_Small,tht,True
