﻿designator,quantity,value,pack,mpn,mount_type
"C101, C102, C103, C104",4,C_Small,CP_Radial_D5.0mm_P2.50mm,,tht
"H1, H2, H3, H4",4,MountingHole_3.2mm_M3,MountingHole_3.2mm_M3,,tht
J1,1,Conn_01x06_Pin,TE_0-1734839-6_1x06-1MP_P0.5mm_Horizontal,,smt
"J101, J102",2,MD-90SM,CUI_MD-90SM,,tht
"JP101, JP102, JP103, JP104",4,Jumper_2_Bridged,SolderJumper-2_P1.3mm_Open_RoundedPad1.0x1.5mm,,tht
JP106,1,SolderJumper_3_Open,SolderJumper-3_P1.3mm_Open_RoundedPad1.0x1.5mm,,tht
"R101, R102, R103, R104, R105, R106, R107, R108",8,R_Small,R_Axial_DIN0309_L9.0mm_D3.2mm_P2.54mm_Vertical,,tht
