Designator,Footprint,Quantity,Value,LCSC Part #
C201,0805,1,C_Small,
C202,0805,1,C_Small,
C203,0805,1,C_Small,
C204,0805,1,C_Small,
C205,0805,1,C_Small,
C206,0805,1,C_Small,
C207,0805,1,C_Small,
C208,0805,1,C_Small,
C209,0805,1,C_Small,
C210,0805,1,C_Small,
C211,0805,1,C_Small,
C212,0805,1,C_Small,
C213,0805,1,C_Small,
C214,0805,1,C_Small,
C215,0805,1,C_Small,
C216,0805,1,C_Small,
C217,0805,1,C_Small,
C218,0805,1,C_Small,
C219,0805,1,C_Small,
C220,0805,1,C_Small,
"J201, J202, J203, J204, J205",CUI_MD-90SM,5,MD-90SM,
J206,REB_PinHeader_2x20_P1.27mm_Vertical_Renumbered,1,Conn_02x22_Top_Bottom,
R201,0805,1,R_Small,
R202,0805,1,R_Small,
R203,0805,1,R_Small,
R204,0805,1,R_Small,
R205,0805,1,R_Small,
R206,0805,1,R_Small,
R207,0805,1,R_Small,
R208,0805,1,R_Small,
R209,0805,1,R_Small,
R210,0805,1,R_Small,
R211,0805,1,R_Small,
R212,0805,1,R_Small,
R213,0805,1,R_Small,
R214,0805,1,R_Small,
R215,0805,1,R_Small,
R216,0805,1,R_Small,
R217,0805,1,R_Small,
R218,0805,1,R_Small,
R219,0805,1,R_Small,
R220,0805,1,R_Small,
R221,0805,1,R_Small,
R222,0805,1,R_Small,
R223,0805,1,R_Small,
R224,0805,1,R_Small,
R225,0805,1,R_Small,
R226,0805,1,R_Small,
R227,0805,1,R_Small,
R228,0805,1,R_Small,
R229,0805,1,R_Small,
R230,0805,1,R_Small,
R231,0805,1,R_Small,
R232,0805,1,R_Small,
R233,0805,1,R_Small,
R234,0805,1,R_Small,
R235,0805,1,R_Small,
R236,0805,1,R_Small,
R237,0805,1,R_Small,
R238,0805,1,R_Small,
R239,0805,1,R_Small,
R240,0805,1,R_Small,
R241,0805,1,R_Small,
R242,0805,1,R_Small,
R243,0805,1,R_Small,
R244,0805,1,R_Small,
R245,0805,1,R_Small,
