Designator,Footprint,Quantity,Value,LCSC Part #
A1,XDCR_TSOP38238,1,TSOP38238,
B1,SPARKFUN_PRO_MICRO,1,SPARKFUN_PRO_MICRO,
C1,0805,1,0.1u,
C2,0805,1,0.1u,
C3,0805,1,0.1u,
C4,0805,1,0.1u,
C5,0805,1,0.1u,
C6,0805,1,0.1u,
C7,0805,1,0.1u,
C8,0805,1,1u,
J1,CUI_MD-90SM,1,MD-90SM,
"J2, J3, J4",REB_PinHeader_2x20_P1.27mm_Vertical_Renumbered,3,Conn_02x22_Top_Bottom,
R6,0805,1,10K,
"SW1, SW2",SW_PUSH_6mm,2,SW_Push,
"U1, U2, U3, U4, U5, U6, U7",SOIC-24W_7.5x15.4mm_P1.27mm,7,CD74HC4067SM96,CD74HC4067SM96
