[{"pos_x": 180.4, "pos_y": -121.7135, "rotation": 0.0, "side": "top", "designator": "J13", "mpn": null, "pack": "CUI_MD-90SM", "value": "MD-90SM", "mount_type": "tht", "place": true}, {"pos_x": 209.9, "pos_y": -121.7135, "rotation": 0.0, "side": "top", "designator": "J14", "mpn": null, "pack": "CUI_MD-90SM", "value": "MD-90SM", "mount_type": "tht", "place": true}, {"pos_x": 74.9, "pos_y": -99.825, "rotation": 0.0, "side": "top", "designator": "H10", "mpn": null, "pack": "MountingHole_2.5mm", "value": "MountingHole", "mount_type": "tht", "place": true}, {"pos_x": 137.825, "pos_y": -102.45, "rotation": 90.0, "side": "top", "designator": "J15", "mpn": null, "pack": "REB_PinHeader_2x20_P1.27mm_Vertical_Renumbered", "value": "Conn_02x22_Top_Bottom", "mount_type": "tht", "place": true}, {"pos_x": 224.9, "pos_y": -119.825, "rotation": 0.0, "side": "top", "designator": "H14", "mpn": null, "pack": "MountingHole_2.5mm", "value": "MountingHole", "mount_type": "tht", "place": true}, {"pos_x": 121.4, "pos_y": -121.7135, "rotation": 0.0, "side": "top", "designator": "J11", "mpn": null, "pack": "CUI_MD-90SM", "value": "MD-90SM", "mount_type": "tht", "place": true}, {"pos_x": 104.3, "pos_y": -114.625, "rotation": -90.0, "side": "top", "designator": "R5", "mpn": null, "pack": "R_1206_3216Metric_Pad1.30x1.75mm_HandSolder", "value": "R_Small", "mount_type": "smt", "place": true}, {"pos_x": 134.2, "pos_y": -114.625, "rotation": -90.0, "side": "top", "designator": "R4", "mpn": null, "pack": "R_1206_3216Metric_Pad1.30x1.75mm_HandSolder", "value": "R_Small", "mount_type": "smt", "place": true}, {"pos_x": 192.5, "pos_y": -114.625, "rotation": -90.0, "side": "top", "designator": "R2", "mpn": null, "pack": "R_1206_3216Metric_Pad1.30x1.75mm_HandSolder", "value": "R_Small", "mount_type": "smt", "place": true}, {"pos_x": 150.9, "pos_y": -121.7135, "rotation": 0.0, "side": "top", "designator": "J12", "mpn": null, "pack": "CUI_MD-90SM", "value": "MD-90SM", "mount_type": "tht", "place": true}, {"pos_x": 163.1, "pos_y": -114.625, "rotation": -90.0, "side": "top", "designator": "R3", "mpn": null, "pack": "R_1206_3216Metric_Pad1.30x1.75mm_HandSolder", "value": "R_Small", "mount_type": "smt", "place": true}, {"pos_x": 74.9, "pos_y": -119.825, "rotation": 0.0, "side": "top", "designator": "H12", "mpn": null, "pack": "MountingHole_2.5mm", "value": "MountingHole", "mount_type": "tht", "place": true}, {"pos_x": 224.9, "pos_y": -99.825, "rotation": 0.0, "side": "top", "designator": "H13", "mpn": null, "pack": "MountingHole_2.5mm", "value": "MountingHole", "mount_type": "tht", "place": true}, {"pos_x": 91.9, "pos_y": -121.7135, "rotation": 0.0, "side": "top", "designator": "J10", "mpn": null, "pack": "CUI_MD-90SM", "value": "MD-90SM", "mount_type": "tht", "place": true}, {"pos_x": 222.1, "pos_y": -114.625, "rotation": -90.0, "side": "top", "designator": "R1", "mpn": null, "pack": "R_1206_3216Metric_Pad1.30x1.75mm_HandSolder", "value": "R_Small", "mount_type": "smt", "place": true}]